department,average_bmi
General surgery,23.237565922920894
Urology,24.921367521367525
Thoracic surgery,23.158955895589582
Gynecology,23.898260869565227
