sex,average_preop_hb
M,13.324639107611546
F,12.333711237079042
