sex,average_preop_hemoglobin
M,13.324639107611546
F,12.333711237079042
